table_schema,table_name,ordinal_position,column_name,data_type,udt_name,is_nullable,column_default,is_identity,is_generated,collation_name
public,bom_itens,1,id,uuid,uuid,NO,gen_random_uuid(),NO,NEVER,
public,bom_itens,2,bom_id,uuid,uuid,NO,,NO,NEVER,
public,bom_itens,3,empresa_id,uuid,uuid,NO,,NO,NEVER,
public,bom_itens,4,materia_prima_id,uuid,uuid,YES,,NO,NEVER,
public,bom_itens,5,componente_produto_id,uuid,uuid,YES,,NO,NEVER,
public,bom_itens,6,componente_tipo,text,text,NO,'materia_prima'::text,NO,NEVER,
public,bom_itens,7,quantidade,numeric,numeric,NO,,NO,NEVER,
public,bom_itens,8,unidade,text,text,NO,,NO,NEVER,
public,bom_itens,9,nivel,smallint,int2,NO,1,NO,NEVER,
public,bom_itens,10,ordem,smallint,int2,NO,1,NO,NEVER,
public,bom_itens,11,observacoes,text,text,YES,,NO,NEVER,
public,bom_itens,12,created_at,timestamp with time zone,timestamptz,NO,now(),NO,NEVER,
public,bom_itens,13,updated_at,timestamp with time zone,timestamptz,NO,now(),NO,NEVER,
public,bom_itens,14,created_by,uuid,uuid,NO,,NO,NEVER,
public,bom_itens,15,ativo,boolean,bool,NO,true,NO,NEVER,
public,bom_itens,16,deleted_at,timestamp with time zone,timestamptz,YES,,NO,NEVER,
public,bom_itens,17,deleted_by,uuid,uuid,YES,,NO,NEVER,
public,boms,1,id,uuid,uuid,NO,gen_random_uuid(),NO,NEVER,
public,boms,2,empresa_id,uuid,uuid,NO,,NO,NEVER,
public,boms,3,produto_id,uuid,uuid,NO,,NO,NEVER,
public,boms,4,versao,text,text,NO,'A'::text,NO,NEVER,
public,boms,5,descricao,text,text,YES,,NO,NEVER,
public,boms,6,status,text,text,NO,'ativo'::text,NO,NEVER,
public,boms,7,data_validade,date,date,YES,,NO,NEVER,
public,boms,8,created_at,timestamp with time zone,timestamptz,NO,now(),NO,NEVER,
public,boms,9,updated_at,timestamp with time zone,timestamptz,NO,now(),NO,NEVER,
public,boms,10,created_by,uuid,uuid,NO,,NO,NEVER,
public,boms,11,ativo,boolean,bool,NO,true,NO,NEVER,
public,boms,12,deleted_at,timestamp with time zone,timestamptz,YES,,NO,NEVER,
public,boms,13,deleted_by,uuid,uuid,YES,,NO,NEVER,
public,clientes,1,id,uuid,uuid,NO,gen_random_uuid(),NO,NEVER,
public,clientes,2,nome,text,text,NO,,NO,NEVER,
public,clientes,3,empresa,text,text,YES,,NO,NEVER,
public,clientes,4,telefone,text,text,YES,,NO,NEVER,
public,clientes,5,email,text,text,YES,,NO,NEVER,
public,clientes,6,cnpj,text,text,YES,,NO,NEVER,
public,clientes,7,cidade,text,text,YES,,NO,NEVER,
public,clientes,8,observacoes,text,text,YES,,NO,NEVER,
public,clientes,9,created_at,timestamp with time zone,timestamptz,NO,now(),NO,NEVER,
public,clientes,10,created_by,uuid,uuid,NO,,NO,NEVER,
public,clientes,11,empresa_id,uuid,uuid,NO,,NO,NEVER,
public,clientes,12,ativo,boolean,bool,NO,true,NO,NEVER,
public,clientes,13,updated_at,timestamp with time zone,timestamptz,NO,now(),NO,NEVER,
public,clientes,14,deleted_at,timestamp with time zone,timestamptz,YES,,NO,NEVER,
public,clientes,15,deleted_by,uuid,uuid,YES,,NO,NEVER,
public,clientes,16,inscricao_estadual,text,text,YES,,NO,NEVER,
public,clientes,17,inscricao_municipal,text,text,YES,,NO,NEVER,
public,clientes,18,telefone_fiscal,text,text,YES,,NO,NEVER,
public,clientes,19,email_fiscal,text,text,YES,,NO,NEVER,
public,clientes,20,site,text,text,YES,,NO,NEVER,
public,clientes,21,estado,text,text,YES,,NO,NEVER,
public,clientes,22,segmento,text,text,YES,,NO,NEVER,
public,clientes,23,endereco,text,text,YES,,NO,NEVER,
public,clientes,24,numero,text,text,YES,,NO,NEVER,
public,clientes,25,bairro,text,text,YES,,NO,NEVER,
public,clientes,26,cep,text,text,YES,,NO,NEVER,
public,clientes,27,complemento,text,text,YES,,NO,NEVER,
public,clientes_ativos,1,id,uuid,uuid,YES,,NO,NEVER,
public,clientes_ativos,2,empresa_id,uuid,uuid,YES,,NO,NEVER,
public,clientes_ativos,3,nome,text,text,YES,,NO,NEVER,
public,clientes_ativos,4,empresa,text,text,YES,,NO,NEVER,
public,clientes_ativos,5,telefone,text,text,YES,,NO,NEVER,
public,clientes_ativos,6,email,text,text,YES,,NO,NEVER,
public,clientes_ativos,7,cnpj,text,text,YES,,NO,NEVER,
public,clientes_ativos,8,cidade,text,text,YES,,NO,NEVER,
public,clientes_ativos,9,observacoes,text,text,YES,,NO,NEVER,
public,clientes_ativos,10,ativo,boolean,bool,YES,,NO,NEVER,
public,clientes_ativos,11,created_at,timestamp with time zone,timestamptz,YES,,NO,NEVER,
public,clientes_ativos,12,updated_at,timestamp with time zone,timestamptz,YES,,NO,NEVER,
public,clientes_ativos,13,deleted_at,timestamp with time zone,timestamptz,YES,,NO,NEVER,
public,clientes_ativos,14,deleted_by,uuid,uuid,YES,,NO,NEVER,
public,clientes_ativos,15,created_by,uuid,uuid,YES,,NO,NEVER,
public,consumos_internos,1,id,uuid,uuid,NO,gen_random_uuid(),NO,NEVER,
public,consumos_internos,2,empresa_id,uuid,uuid,NO,,NO,NEVER,
public,consumos_internos,3,projeto_id,uuid,uuid,NO,,NO,NEVER,
public,consumos_internos,4,of_numero,text,text,NO,,NO,NEVER,
public,consumos_internos,5,materia_prima_id,uuid,uuid,NO,,NO,NEVER,
public,consumos_internos,6,estoque_movimentacao_id,uuid,uuid,YES,,NO,NEVER,
public,consumos_internos,7,local_estoque,text,text,NO,'principal'::text,NO,NEVER,
public,consumos_internos,8,quantidade,numeric,numeric,NO,,NO,NEVER,
public,consumos_internos,9,unidade,text,text,NO,,NO,NEVER,
public,consumos_internos,10,saldo_consumido,numeric,numeric,NO,,NO,NEVER,
public,consumos_internos,11,custo_unitario_material,numeric,numeric,NO,0,NO,NEVER,
public,consumos_internos,12,custo_total_material,numeric,numeric,YES,,NO,ALWAYS,
public,consumos_internos,13,data_movimentacao,date,date,NO,CURRENT_DATE,NO,NEVER,
public,consumos_internos,14,observacoes,text,text,YES,,NO,NEVER,
public,consumos_internos,15,created_at,timestamp with time zone,timestamptz,NO,now(),NO,NEVER,
public,consumos_internos,16,updated_at,timestamp with time zone,timestamptz,NO,now(),NO,NEVER,
public,consumos_internos,17,created_by,uuid,uuid,NO,,NO,NEVER,
public,consumos_internos,18,ativo,boolean,bool,NO,true,NO,NEVER,
public,consumos_internos,19,deleted_at,timestamp with time zone,timestamptz,YES,,NO,NEVER,
public,consumos_internos,20,deleted_by,uuid,uuid,YES,,NO,NEVER,
public,consumos_internos,21,of_id,uuid,uuid,YES,,NO,NEVER,
public,credenciais,1,id,uuid,uuid,NO,gen_random_uuid(),NO,NEVER,
public,credenciais,2,nome_plataforma,text,text,NO,,NO,NEVER,
public,credenciais,3,login,text,text,NO,,NO,NEVER,
public,credenciais,4,senha_criptografada,bytea,bytea,YES,,NO,NEVER,
public,credenciais,5,observacoes,text,text,YES,,NO,NEVER,
public,credenciais,6,usuario_responsavel,uuid,uuid,NO,,NO,NEVER,
public,credenciais,7,data_criacao,timestamp with time zone,timestamptz,NO,now(),NO,NEVER,
public,credenciais,8,atualizado_em,timestamp with time zone,timestamptz,NO,now(),NO,NEVER,
public,credenciais,9,empresa_id,uuid,uuid,NO,,NO,NEVER,
public,empresas,1,id,uuid,uuid,NO,gen_random_uuid(),NO,NEVER,
public,empresas,2,nome,text,text,NO,,NO,NEVER,
public,empresas,3,slug,text,text,NO,,NO,NEVER,
public,empresas,4,cnpj,text,text,YES,,NO,NEVER,
public,empresas,5,ativo,boolean,bool,NO,true,NO,NEVER,
public,empresas,6,created_at,timestamp with time zone,timestamptz,NO,now(),NO,NEVER,
public,empresas,7,codigo,integer,int4,NO,,NO,NEVER,
public,empresas,8,email,text,text,YES,,NO,NEVER,
public,empresas,9,telefone,text,text,YES,,NO,NEVER,
public,empresas,10,plano,text,text,NO,'starter'::text,NO,NEVER,
public,empresas,11,created_by,uuid,uuid,YES,,NO,NEVER,
public,estoque_movimentacoes,1,id,uuid,uuid,NO,gen_random_uuid(),NO,NEVER,
public,estoque_movimentacoes,2,empresa_id,uuid,uuid,NO,,NO,NEVER,
public,estoque_movimentacoes,3,materia_prima_id,uuid,uuid,NO,,NO,NEVER,
public,estoque_movimentacoes,4,local_estoque,text,text,NO,'principal'::text,NO,NEVER,
public,estoque_movimentacoes,5,tipo_movimento,text,text,NO,,NO,NEVER,
public,estoque_movimentacoes,6,quantidade,numeric,numeric,NO,,NO,NEVER,
public,estoque_movimentacoes,7,projeto_id,uuid,uuid,YES,,NO,NEVER,
public,estoque_movimentacoes,8,of_numero,text,text,YES,,NO,NEVER,
public,estoque_movimentacoes,9,observacoes,text,text,YES,,NO,NEVER,
public,estoque_movimentacoes,10,created_at,timestamp with time zone,timestamptz,NO,now(),NO,NEVER,
public,estoque_movimentacoes,11,created_by,uuid,uuid,NO,,NO,NEVER,
public,estoque_movimentacoes,12,of_id,uuid,uuid,YES,,NO,NEVER,
public,estoque_saldos,1,id,uuid,uuid,NO,gen_random_uuid(),NO,NEVER,
public,estoque_saldos,2,empresa_id,uuid,uuid,NO,,NO,NEVER,
public,estoque_saldos,3,materia_prima_id,uuid,uuid,NO,,NO,NEVER,
public,estoque_saldos,4,local_estoque,text,text,NO,'principal'::text,NO,NEVER,
public,estoque_saldos,5,saldo_disponivel,numeric,numeric,NO,0,NO,NEVER,
public,estoque_saldos,6,saldo_reservado,numeric,numeric,NO,0,NO,NEVER,
public,estoque_saldos,7,saldo_livre,numeric,numeric,YES,,NO,ALWAYS,
public,estoque_saldos,8,updated_at,timestamp with time zone,timestamptz,NO,now(),NO,NEVER,
public,fornecedores,1,id,uuid,uuid,NO,gen_random_uuid(),NO,NEVER,
public,fornecedores,2,empresa_id,uuid,uuid,NO,,NO,NEVER,
public,fornecedores,3,nome,text,text,YES,,NO,NEVER,
public,fornecedores,4,empresa,text,text,YES,,NO,NEVER,
public,fornecedores,5,telefone,text,text,YES,,NO,NEVER,
public,fornecedores,6,email,text,text,YES,,NO,NEVER,
public,fornecedores,7,telefone_comercial,text,text,YES,,NO,NEVER,
public,fornecedores,8,email_comercial,text,text,YES,,NO,NEVER,
public,fornecedores,9,cnpj,text,text,YES,,NO,NEVER,
public,fornecedores,10,observacoes,text,text,YES,,NO,NEVER,
public,fornecedores,11,inscricao_estadual,text,text,YES,,NO,NEVER,
public,fornecedores,12,inscricao_municipal,text,text,YES,,NO,NEVER,
public,fornecedores,13,segmento,text,text,YES,,NO,NEVER,
public,fornecedores,14,site,text,text,YES,,NO,NEVER,
public,fornecedores,15,cep,text,text,YES,,NO,NEVER,
public,fornecedores,16,estado,text,text,YES,,NO,NEVER,
public,fornecedores,17,cidade,text,text,YES,,NO,NEVER,
public,fornecedores,18,bairro,text,text,YES,,NO,NEVER,
public,fornecedores,19,endereco,text,text,YES,,NO,NEVER,
public,fornecedores,20,numero,text,text,YES,,NO,NEVER,
public,fornecedores,21,complemento,text,text,YES,,NO,NEVER,
public,fornecedores,22,created_at,timestamp with time zone,timestamptz,NO,now(),NO,NEVER,
public,fornecedores,23,updated_at,timestamp with time zone,timestamptz,NO,now(),NO,NEVER,
public,fornecedores,24,created_by,uuid,uuid,NO,,NO,NEVER,
public,fornecedores,25,ativo,boolean,bool,NO,true,NO,NEVER,
public,fornecedores,26,deleted_at,timestamp with time zone,timestamptz,YES,,NO,NEVER,
public,fornecedores,27,deleted_by,uuid,uuid,YES,,NO,NEVER,
public,funcionarios,1,id,uuid,uuid,NO,gen_random_uuid(),NO,NEVER,
public,funcionarios,2,empresa_id,uuid,uuid,NO,,NO,NEVER,
public,funcionarios,3,codigo,integer,int4,NO,,NO,NEVER,
public,funcionarios,4,nome,text,text,NO,,NO,NEVER,
public,funcionarios,5,apelido,text,text,YES,,NO,NEVER,
public,funcionarios,6,setor,text,text,YES,,NO,NEVER,
public,funcionarios,7,funcao,text,text,YES,,NO,NEVER,
public,funcionarios,8,habilidades,text,text,YES,,NO,NEVER,
public,funcionarios,9,carga_horaria,numeric,numeric,YES,,NO,NEVER,
public,funcionarios,10,disponibilidade_atual,numeric,numeric,YES,,NO,NEVER,
public,funcionarios,11,telefone,text,text,YES,,NO,NEVER,
public,funcionarios,12,email,text,text,YES,,NO,NEVER,
public,funcionarios,13,data_admissao,date,date,YES,,NO,NEVER,
public,funcionarios,14,observacoes,text,text,YES,,NO,NEVER,
public,funcionarios,15,ativo,boolean,bool,NO,true,NO,NEVER,
public,funcionarios,16,created_at,timestamp with time zone,timestamptz,NO,now(),NO,NEVER,
public,funcionarios,17,updated_at,timestamp with time zone,timestamptz,NO,now(),NO,NEVER,
public,funcionarios,18,deleted_at,timestamp with time zone,timestamptz,YES,,NO,NEVER,
public,funcionarios,19,created_by,uuid,uuid,NO,,NO,NEVER,
public,funcionarios,20,deleted_by,uuid,uuid,YES,,NO,NEVER,
public,funcionarios,21,tecnologia_aplicada_id,uuid,uuid,YES,,NO,NEVER,
public,funcionarios_ativos,1,id,uuid,uuid,YES,,NO,NEVER,
public,funcionarios_ativos,2,empresa_id,uuid,uuid,YES,,NO,NEVER,
public,funcionarios_ativos,3,codigo,integer,int4,YES,,NO,NEVER,
public,funcionarios_ativos,4,nome,text,text,YES,,NO,NEVER,
public,funcionarios_ativos,5,apelido,text,text,YES,,NO,NEVER,
public,funcionarios_ativos,6,setor,text,text,YES,,NO,NEVER,
public,funcionarios_ativos,7,funcao,text,text,YES,,NO,NEVER,
public,funcionarios_ativos,8,tecnologia_aplicada_id,uuid,uuid,YES,,NO,NEVER,
public,funcionarios_ativos,9,habilidades,text,text,YES,,NO,NEVER,
public,funcionarios_ativos,10,carga_horaria,numeric,numeric,YES,,NO,NEVER,
public,funcionarios_ativos,11,disponibilidade_atual,numeric,numeric,YES,,NO,NEVER,
public,funcionarios_ativos,12,telefone,text,text,YES,,NO,NEVER,
public,funcionarios_ativos,13,email,text,text,YES,,NO,NEVER,
public,funcionarios_ativos,14,data_admissao,date,date,YES,,NO,NEVER,
public,funcionarios_ativos,15,observacoes,text,text,YES,,NO,NEVER,
public,funcionarios_ativos,16,ativo,boolean,bool,YES,,NO,NEVER,
public,funcionarios_ativos,17,created_at,timestamp with time zone,timestamptz,YES,,NO,NEVER,
public,funcionarios_ativos,18,updated_at,timestamp with time zone,timestamptz,YES,,NO,NEVER,
public,funcionarios_ativos,19,deleted_at,timestamp with time zone,timestamptz,YES,,NO,NEVER,
public,funcionarios_ativos,20,deleted_by,uuid,uuid,YES,,NO,NEVER,
public,funcionarios_ativos,21,created_by,uuid,uuid,YES,,NO,NEVER,
public,grupos_recursos,1,id,uuid,uuid,NO,gen_random_uuid(),NO,NEVER,
public,grupos_recursos,2,nome,text,text,NO,,NO,NEVER,
public,grupos_recursos,3,descricao,text,text,YES,,NO,NEVER,
public,grupos_recursos,4,setor,text,text,YES,,NO,NEVER,
public,grupos_recursos,5,ativo,boolean,bool,NO,true,NO,NEVER,
public,grupos_recursos,6,created_at,timestamp with time zone,timestamptz,NO,now(),NO,NEVER,
public,grupos_recursos,7,created_by,uuid,uuid,NO,auth.uid(),NO,NEVER,
public,grupos_recursos,8,codigo,text,text,NO,,NO,NEVER,
public,grupos_recursos,9,capacidade_total,numeric,numeric,NO,0,NO,NEVER,
public,grupos_recursos,10,disponibilidade_atual,numeric,numeric,NO,0,NO,NEVER,
public,grupos_recursos,11,unidade_capacidade,text,text,NO,'h/dia'::text,NO,NEVER,
public,grupos_recursos,12,empresa_id,uuid,uuid,NO,,NO,NEVER,
public,grupos_recursos,13,updated_at,timestamp with time zone,timestamptz,NO,now(),NO,NEVER,
public,grupos_recursos,14,deleted_at,timestamp with time zone,timestamptz,YES,,NO,NEVER,
public,grupos_recursos,15,deleted_by,uuid,uuid,YES,,NO,NEVER,
public,grupos_recursos_ativos,1,id,uuid,uuid,YES,,NO,NEVER,
public,grupos_recursos_ativos,2,empresa_id,uuid,uuid,YES,,NO,NEVER,
public,grupos_recursos_ativos,3,codigo,text,text,YES,,NO,NEVER,
public,grupos_recursos_ativos,4,nome,text,text,YES,,NO,NEVER,
public,grupos_recursos_ativos,5,descricao,text,text,YES,,NO,NEVER,
public,grupos_recursos_ativos,6,setor,text,text,YES,,NO,NEVER,
public,grupos_recursos_ativos,7,capacidade_total,numeric,numeric,YES,,NO,NEVER,
public,grupos_recursos_ativos,8,disponibilidade_atual,numeric,numeric,YES,,NO,NEVER,
public,grupos_recursos_ativos,9,unidade_capacidade,text,text,YES,,NO,NEVER,
public,grupos_recursos_ativos,10,ativo,boolean,bool,YES,,NO,NEVER,
public,grupos_recursos_ativos,11,created_at,timestamp with time zone,timestamptz,YES,,NO,NEVER,
public,grupos_recursos_ativos,12,updated_at,timestamp with time zone,timestamptz,YES,,NO,NEVER,
public,grupos_recursos_ativos,13,deleted_at,timestamp with time zone,timestamptz,YES,,NO,NEVER,
public,grupos_recursos_ativos,14,deleted_by,uuid,uuid,YES,,NO,NEVER,
public,grupos_recursos_ativos,15,created_by,uuid,uuid,YES,,NO,NEVER,
public,itens_industriais,1,id,uuid,uuid,NO,gen_random_uuid(),NO,NEVER,
public,itens_industriais,2,empresa_id,uuid,uuid,NO,,NO,NEVER,
public,itens_industriais,3,codigo,text,text,NO,,NO,NEVER,
public,itens_industriais,4,descricao,text,text,NO,,NO,NEVER,
public,itens_industriais,5,unidade,text,text,NO,,NO,NEVER,
public,itens_industriais,6,tipo_item,text,text,NO,,NO,NEVER,
public,itens_industriais,7,codigo_ean_gtin,text,text,YES,,NO,NEVER,
public,itens_industriais,8,codigo_ncm,text,text,YES,,NO,NEVER,
public,itens_industriais,9,familia,text,text,YES,,NO,NEVER,
public,itens_industriais,10,classificacao,text,text,YES,,NO,NEVER,
public,itens_industriais,11,recomendacao_fiscal,text,text,YES,,NO,NEVER,
public,itens_industriais,12,observacoes,text,text,YES,,NO,NEVER,
public,itens_industriais,13,pdf_tecnico_path,text,text,YES,,NO,NEVER,
public,itens_industriais,14,pdf_tecnico_nome,text,text,YES,,NO,NEVER,
public,itens_industriais,15,referencia_arquivo_externo,text,text,YES,,NO,NEVER,
public,itens_industriais,16,caminho_engenharia,text,text,YES,,NO,NEVER,
public,itens_industriais,17,revisao_desenho,text,text,YES,,NO,NEVER,
public,itens_industriais,18,ativo,boolean,bool,NO,true,NO,NEVER,
public,itens_industriais,19,created_at,timestamp with time zone,timestamptz,NO,now(),NO,NEVER,
public,itens_industriais,20,updated_at,timestamp with time zone,timestamptz,NO,now(),NO,NEVER,
public,itens_industriais,21,deleted_at,timestamp with time zone,timestamptz,YES,,NO,NEVER,
public,itens_industriais,22,created_by,uuid,uuid,NO,,NO,NEVER,
public,itens_industriais,23,deleted_by,uuid,uuid,YES,,NO,NEVER,
public,itens_industriais,24,valor_referencia,numeric,numeric,YES,,NO,NEVER,
public,itens_industriais,25,pn,text,text,YES,,NO,NEVER,
public,itens_industriais,26,tipo,text,text,YES,,NO,NEVER,
public,itens_industriais_ativos,1,id,uuid,uuid,YES,,NO,NEVER,
public,itens_industriais_ativos,2,empresa_id,uuid,uuid,YES,,NO,NEVER,
public,itens_industriais_ativos,3,codigo,text,text,YES,,NO,NEVER,
public,itens_industriais_ativos,4,descricao,text,text,YES,,NO,NEVER,
public,itens_industriais_ativos,5,unidade,text,text,YES,,NO,NEVER,
public,itens_industriais_ativos,6,tipo_item,text,text,YES,,NO,NEVER,
public,itens_industriais_ativos,7,codigo_ean_gtin,text,text,YES,,NO,NEVER,
public,itens_industriais_ativos,8,codigo_ncm,text,text,YES,,NO,NEVER,
public,itens_industriais_ativos,9,familia,text,text,YES,,NO,NEVER,
public,itens_industriais_ativos,10,classificacao,text,text,YES,,NO,NEVER,
public,itens_industriais_ativos,11,valor_referencia,numeric,numeric,YES,,NO,NEVER,
public,itens_industriais_ativos,12,recomendacao_fiscal,text,text,YES,,NO,NEVER,
public,itens_industriais_ativos,13,observacoes,text,text,YES,,NO,NEVER,
public,itens_industriais_ativos,14,pdf_tecnico_path,text,text,YES,,NO,NEVER,
public,itens_industriais_ativos,15,pdf_tecnico_nome,text,text,YES,,NO,NEVER,
public,itens_industriais_ativos,16,referencia_arquivo_externo,text,text,YES,,NO,NEVER,
public,itens_industriais_ativos,17,caminho_engenharia,text,text,YES,,NO,NEVER,
public,itens_industriais_ativos,18,revisao_desenho,text,text,YES,,NO,NEVER,
public,itens_industriais_ativos,19,ativo,boolean,bool,YES,,NO,NEVER,
public,itens_industriais_ativos,20,created_at,timestamp with time zone,timestamptz,YES,,NO,NEVER,
public,itens_industriais_ativos,21,updated_at,timestamp with time zone,timestamptz,YES,,NO,NEVER,
public,itens_industriais_ativos,22,deleted_at,timestamp with time zone,timestamptz,YES,,NO,NEVER,
public,itens_industriais_ativos,23,deleted_by,uuid,uuid,YES,,NO,NEVER,
public,itens_industriais_ativos,24,created_by,uuid,uuid,YES,,NO,NEVER,
public,materias_primas,1,id,uuid,uuid,NO,gen_random_uuid(),NO,NEVER,
public,materias_primas,2,empresa_id,uuid,uuid,NO,,NO,NEVER,
public,materias_primas,3,codigo,text,text,YES,,NO,NEVER,
public,materias_primas,4,descricao,text,text,NO,,NO,NEVER,
public,materias_primas,5,unidade,text,text,NO,,NO,NEVER,
public,materias_primas,6,especificacao,text,text,YES,,NO,NEVER,
public,materias_primas,7,observacoes,text,text,YES,,NO,NEVER,
public,materias_primas,8,created_at,timestamp with time zone,timestamptz,NO,now(),NO,NEVER,
public,materias_primas,9,updated_at,timestamp with time zone,timestamptz,NO,now(),NO,NEVER,
public,materias_primas,10,created_by,uuid,uuid,NO,,NO,NEVER,
public,materias_primas,11,ativo,boolean,bool,NO,true,NO,NEVER,
public,materias_primas,12,deleted_at,timestamp with time zone,timestamptz,YES,,NO,NEVER,
public,materias_primas,13,deleted_by,uuid,uuid,YES,,NO,NEVER,
public,movimentacoes_estoque,1,id,uuid,uuid,NO,gen_random_uuid(),NO,NEVER,
public,movimentacoes_estoque,2,empresa_id,uuid,uuid,NO,,NO,NEVER,
public,movimentacoes_estoque,3,item_id,uuid,uuid,NO,,NO,NEVER,
public,movimentacoes_estoque,4,tipo_movimento,text,text,NO,,NO,NEVER,
public,movimentacoes_estoque,5,quantidade,numeric,numeric,NO,,NO,NEVER,
public,movimentacoes_estoque,6,valor_unitario,numeric,numeric,YES,,NO,NEVER,
public,movimentacoes_estoque,7,valor_total,numeric,numeric,YES,,NO,ALWAYS,
public,movimentacoes_estoque,8,unidade,text,text,NO,,NO,NEVER,
public,movimentacoes_estoque,9,documento_referencia,text,text,YES,,NO,NEVER,
public,movimentacoes_estoque,10,motivo,text,text,YES,,NO,NEVER,
public,movimentacoes_estoque,11,observacoes,text,text,YES,,NO,NEVER,
public,movimentacoes_estoque,12,endereco_estoque,text,text,YES,,NO,NEVER,
public,movimentacoes_estoque,13,ativo,boolean,bool,NO,true,NO,NEVER,
public,movimentacoes_estoque,14,created_at,timestamp with time zone,timestamptz,NO,now(),NO,NEVER,
public,movimentacoes_estoque,15,updated_at,timestamp with time zone,timestamptz,NO,now(),NO,NEVER,
public,movimentacoes_estoque,16,deleted_at,timestamp with time zone,timestamptz,YES,,NO,NEVER,
public,movimentacoes_estoque,17,created_by,uuid,uuid,NO,,NO,NEVER,
public,movimentacoes_estoque,18,deleted_by,uuid,uuid,YES,,NO,NEVER,
public,movimentacoes_estoque_ativas,1,id,uuid,uuid,YES,,NO,NEVER,
public,movimentacoes_estoque_ativas,2,empresa_id,uuid,uuid,YES,,NO,NEVER,
public,movimentacoes_estoque_ativas,3,item_id,uuid,uuid,YES,,NO,NEVER,
public,movimentacoes_estoque_ativas,4,item_codigo,text,text,YES,,NO,NEVER,
public,movimentacoes_estoque_ativas,5,item_descricao,text,text,YES,,NO,NEVER,
public,movimentacoes_estoque_ativas,6,tipo_movimento,text,text,YES,,NO,NEVER,
public,movimentacoes_estoque_ativas,7,quantidade,numeric,numeric,YES,,NO,NEVER,
public,movimentacoes_estoque_ativas,8,valor_unitario,numeric,numeric,YES,,NO,NEVER,
public,movimentacoes_estoque_ativas,9,valor_total,numeric,numeric,YES,,NO,NEVER,
public,movimentacoes_estoque_ativas,10,unidade,text,text,YES,,NO,NEVER,
public,movimentacoes_estoque_ativas,11,documento_referencia,text,text,YES,,NO,NEVER,
public,movimentacoes_estoque_ativas,12,motivo,text,text,YES,,NO,NEVER,
public,movimentacoes_estoque_ativas,13,observacoes,text,text,YES,,NO,NEVER,
public,movimentacoes_estoque_ativas,14,endereco_estoque,text,text,YES,,NO,NEVER,
public,movimentacoes_estoque_ativas,15,ativo,boolean,bool,YES,,NO,NEVER,
public,movimentacoes_estoque_ativas,16,created_at,timestamp with time zone,timestamptz,YES,,NO,NEVER,
public,movimentacoes_estoque_ativas,17,updated_at,timestamp with time zone,timestamptz,YES,,NO,NEVER,
public,movimentacoes_estoque_ativas,18,deleted_at,timestamp with time zone,timestamptz,YES,,NO,NEVER,
public,movimentacoes_estoque_ativas,19,deleted_by,uuid,uuid,YES,,NO,NEVER,
public,movimentacoes_estoque_ativas,20,created_by,uuid,uuid,YES,,NO,NEVER,
public,numeracao_configuracoes,1,id,uuid,uuid,NO,gen_random_uuid(),NO,NEVER,
public,numeracao_configuracoes,2,empresa_id,uuid,uuid,NO,,NO,NEVER,
public,numeracao_configuracoes,3,entidade,text,text,NO,,NO,NEVER,
public,numeracao_configuracoes,4,prefixo,text,text,YES,,NO,NEVER,
public,numeracao_configuracoes,5,ano,text,text,YES,,NO,NEVER,
public,numeracao_configuracoes,6,sequencia_atual,integer,int4,NO,0,NO,NEVER,
public,numeracao_configuracoes,7,tamanho_sequencia,integer,int4,NO,4,NO,NEVER,
public,numeracao_configuracoes,8,mascara,text,text,NO,,NO,NEVER,
public,numeracao_configuracoes,9,ativo,boolean,bool,NO,true,NO,NEVER,
public,numeracao_configuracoes,10,created_at,timestamp with time zone,timestamptz,NO,now(),NO,NEVER,
public,numeracao_configuracoes,11,updated_at,timestamp with time zone,timestamptz,NO,now(),NO,NEVER,
public,numeracao_configuracoes,12,created_by,uuid,uuid,NO,,NO,NEVER,
public,numeracao_configuracoes,13,deleted_at,timestamp with time zone,timestamptz,YES,,NO,NEVER,
public,numeracao_configuracoes,14,deleted_by,uuid,uuid,YES,,NO,NEVER,
public,ordens_fabricacao,1,id,uuid,uuid,NO,gen_random_uuid(),NO,NEVER,
public,ordens_fabricacao,2,empresa_id,uuid,uuid,NO,,NO,NEVER,
public,ordens_fabricacao,3,numero_of,text,text,NO,,NO,NEVER,
public,ordens_fabricacao,4,projeto_id,uuid,uuid,NO,,NO,NEVER,
public,ordens_fabricacao,5,projeto_item_id,uuid,uuid,YES,,NO,NEVER,
public,ordens_fabricacao,6,produto_id,uuid,uuid,NO,,NO,NEVER,
public,ordens_fabricacao,7,bom_id,uuid,uuid,YES,,NO,NEVER,
public,ordens_fabricacao,8,tipo,text,text,NO,'normal'::text,NO,NEVER,
public,ordens_fabricacao,9,status,text,text,NO,'planejada'::text,NO,NEVER,
public,ordens_fabricacao,10,quantidade_planejada,numeric,numeric,NO,0,NO,NEVER,
public,ordens_fabricacao,11,quantidade_produzida,numeric,numeric,NO,0,NO,NEVER,
public,ordens_fabricacao,12,unidade,text,text,NO,,NO,NEVER,
public,ordens_fabricacao,13,data_inicio_planejada,date,date,YES,,NO,NEVER,
public,ordens_fabricacao,14,data_conclusao_planejada,date,date,YES,,NO,NEVER,
public,ordens_fabricacao,15,data_inicio_real,date,date,YES,,NO,NEVER,
public,ordens_fabricacao,16,data_conclusao_real,date,date,YES,,NO,NEVER,
public,ordens_fabricacao,17,observacoes,text,text,YES,,NO,NEVER,
public,ordens_fabricacao,18,created_at,timestamp with time zone,timestamptz,NO,now(),NO,NEVER,
public,ordens_fabricacao,19,updated_at,timestamp with time zone,timestamptz,NO,now(),NO,NEVER,
public,ordens_fabricacao,20,created_by,uuid,uuid,NO,,NO,NEVER,
public,ordens_fabricacao,21,ativo,boolean,bool,NO,true,NO,NEVER,
public,ordens_fabricacao,22,deleted_at,timestamp with time zone,timestamptz,YES,,NO,NEVER,
public,ordens_fabricacao,23,deleted_by,uuid,uuid,YES,,NO,NEVER,
public,pedido_compra_itens,1,id,uuid,uuid,NO,gen_random_uuid(),NO,NEVER,
public,pedido_compra_itens,2,empresa_id,uuid,uuid,NO,,NO,NEVER,
public,pedido_compra_itens,3,pedido_compra_id,uuid,uuid,NO,,NO,NEVER,
public,pedido_compra_itens,4,planejamento_compra_id,uuid,uuid,YES,,NO,NEVER,
public,pedido_compra_itens,5,materia_prima_id,uuid,uuid,NO,,NO,NEVER,
public,pedido_compra_itens,6,descricao_compra,text,text,NO,,NO,NEVER,
public,pedido_compra_itens,7,quantidade,numeric,numeric,YES,,NO,NEVER,
public,pedido_compra_itens,8,unidade,text,text,YES,,NO,NEVER,
public,pedido_compra_itens,9,comprar_descricao,text,text,YES,,NO,NEVER,
public,pedido_compra_itens,10,created_at,timestamp with time zone,timestamptz,NO,now(),NO,NEVER,
public,pedido_compra_itens,11,created_by,uuid,uuid,NO,,NO,NEVER,
public,pedido_compra_itens,12,of_id,uuid,uuid,YES,,NO,NEVER,
public,pedidos_compra,1,id,uuid,uuid,NO,gen_random_uuid(),NO,NEVER,
public,pedidos_compra,2,empresa_id,uuid,uuid,NO,,NO,NEVER,
public,pedidos_compra,3,numero_pedido,text,text,YES,,NO,NEVER,
public,pedidos_compra,4,planejamento_compra_id,uuid,uuid,YES,,NO,NEVER,
public,pedidos_compra,5,fornecedor_nome,text,text,YES,,NO,NEVER,
public,pedidos_compra,6,status,text,text,NO,'rascunho'::text,NO,NEVER,
public,pedidos_compra,7,observacoes,text,text,YES,,NO,NEVER,
public,pedidos_compra,8,created_at,timestamp with time zone,timestamptz,NO,now(),NO,NEVER,
public,pedidos_compra,9,updated_at,timestamp with time zone,timestamptz,NO,now(),NO,NEVER,
public,pedidos_compra,10,created_by,uuid,uuid,NO,,NO,NEVER,
public,pedidos_compra,11,ativo,boolean,bool,NO,true,NO,NEVER,
public,pedidos_compra,12,deleted_at,timestamp with time zone,timestamptz,YES,,NO,NEVER,
public,pedidos_compra,13,deleted_by,uuid,uuid,YES,,NO,NEVER,
public,pedidos_compra,14,of_id,uuid,uuid,YES,,NO,NEVER,
public,planejamento_compra_origens,1,id,uuid,uuid,NO,gen_random_uuid(),NO,NEVER,
public,planejamento_compra_origens,2,empresa_id,uuid,uuid,NO,,NO,NEVER,
public,planejamento_compra_origens,3,planejamento_compra_id,uuid,uuid,NO,,NO,NEVER,
public,planejamento_compra_origens,4,requisicao_compra_id,uuid,uuid,NO,,NO,NEVER,
public,planejamento_compra_origens,5,requisicao_compra_item_id,uuid,uuid,NO,,NO,NEVER,
public,planejamento_compra_origens,6,projeto_id,uuid,uuid,YES,,NO,NEVER,
public,planejamento_compra_origens,7,of_numero,text,text,YES,,NO,NEVER,
public,planejamento_compra_origens,8,quantidade_necessaria,numeric,numeric,NO,,NO,NEVER,
public,planejamento_compra_origens,9,unidade,text,text,NO,,NO,NEVER,
public,planejamento_compra_origens,10,observacoes,text,text,YES,,NO,NEVER,
public,planejamento_compra_origens,11,created_at,timestamp with time zone,timestamptz,NO,now(),NO,NEVER,
public,planejamento_compra_origens,12,created_by,uuid,uuid,NO,,NO,NEVER,
public,planejamento_compra_origens,13,quantidade_pecas,numeric,numeric,YES,,NO,NEVER,
public,planejamento_compra_origens,14,comprimento_necessario,numeric,numeric,YES,,NO,NEVER,
public,planejamento_compra_origens,15,largura_necessaria,numeric,numeric,YES,,NO,NEVER,
public,planejamento_compra_origens,16,espessura_necessaria,text,text,YES,,NO,NEVER,
public,planejamento_compra_origens,17,dimensao_operacional,text,text,YES,,NO,NEVER,
public,planejamento_compra_origens,18,incluir_no_planejamento,boolean,bool,NO,true,NO,NEVER,
public,planejamento_compra_origens,19,ordem_agrupamento,integer,int4,YES,,NO,NEVER,
public,planejamento_compra_origens,20,of_id,uuid,uuid,YES,,NO,NEVER,
public,planejamentos_compra,1,id,uuid,uuid,NO,gen_random_uuid(),NO,NEVER,
public,planejamentos_compra,2,empresa_id,uuid,uuid,NO,,NO,NEVER,
public,planejamentos_compra,3,numero_planejamento,text,text,YES,,NO,NEVER,
public,planejamentos_compra,4,materia_prima_id,uuid,uuid,NO,,NO,NEVER,
public,planejamentos_compra,5,descricao_compra,text,text,NO,,NO,NEVER,
public,planejamentos_compra,6,unidade_necessidade,text,text,NO,,NO,NEVER,
public,planejamentos_compra,7,quantidade_necessaria_total,numeric,numeric,NO,0,NO,NEVER,
public,planejamentos_compra,8,unidade_compra,text,text,YES,,NO,NEVER,
public,planejamentos_compra,9,quantidade_planejada_compra,numeric,numeric,YES,,NO,NEVER,
public,planejamentos_compra,10,sobra_prevista,numeric,numeric,YES,,NO,NEVER,
public,planejamentos_compra,11,status,text,text,NO,'em_planejamento'::text,NO,NEVER,
public,planejamentos_compra,12,observacoes,text,text,YES,,NO,NEVER,
public,planejamentos_compra,13,created_at,timestamp with time zone,timestamptz,NO,now(),NO,NEVER,
public,planejamentos_compra,14,updated_at,timestamp with time zone,timestamptz,NO,now(),NO,NEVER,
public,planejamentos_compra,15,created_by,uuid,uuid,NO,,NO,NEVER,
public,planejamentos_compra,16,ativo,boolean,bool,NO,true,NO,NEVER,
public,planejamentos_compra,17,deleted_at,timestamp with time zone,timestamptz,YES,,NO,NEVER,
public,planejamentos_compra,18,deleted_by,uuid,uuid,YES,,NO,NEVER,
public,planejamentos_compra,19,material_base,text,text,YES,,NO,NEVER,
public,planejamentos_compra,20,forma_material,text,text,YES,,NO,NEVER,
public,planejamentos_compra,21,bitola_ou_espessura,text,text,YES,,NO,NEVER,
public,planejamentos_compra,22,chave_industrial_compra,text,text,YES,,NO,NEVER,
public,planejamentos_compra,23,modo_planejamento,text,text,NO,'manual'::text,NO,NEVER,
public,planejamentos_compra,24,criterio_calculo,text,text,NO,'manual'::text,NO,NEVER,
public,planejamentos_compra,25,comprar_descricao,text,text,YES,,NO,NEVER,
public,producao_configuracoes,1,id,uuid,uuid,NO,gen_random_uuid(),NO,NEVER,
public,producao_configuracoes,2,empresa_id,uuid,uuid,NO,,NO,NEVER,
public,producao_configuracoes,3,dias_buffer_entrega,integer,int4,NO,3,NO,NEVER,
public,producao_configuracoes,4,considerar_sabado,boolean,bool,NO,false,NO,NEVER,
public,producao_configuracoes,5,eficiencia_engenharia,numeric,numeric,NO,0.75,NO,NEVER,
public,producao_configuracoes,6,eficiencia_producao,numeric,numeric,NO,0.85,NO,NEVER,
public,producao_configuracoes,7,eficiencia_montagem,numeric,numeric,NO,0.75,NO,NEVER,
public,producao_configuracoes,8,prazo_resposta_cliente_dias_uteis,integer,int4,NO,3,NO,NEVER,
public,producao_configuracoes,9,ativo,boolean,bool,NO,true,NO,NEVER,
public,producao_configuracoes,10,created_at,timestamp with time zone,timestamptz,NO,now(),NO,NEVER,
public,producao_configuracoes,11,updated_at,timestamp with time zone,timestamptz,NO,now(),NO,NEVER,
public,producao_configuracoes,12,created_by,uuid,uuid,NO,,NO,NEVER,
public,producao_configuracoes,13,deleted_at,timestamp with time zone,timestamptz,YES,,NO,NEVER,
public,producao_configuracoes,14,deleted_by,uuid,uuid,YES,,NO,NEVER,
public,profiles,1,id,uuid,uuid,NO,,NO,NEVER,
public,profiles,2,empresa_id,uuid,uuid,NO,,NO,NEVER,
public,profiles,3,nome,text,text,NO,,NO,NEVER,
public,profiles,4,cargo,text,text,YES,,NO,NEVER,
public,profiles,5,nivel_acesso,USER-DEFINED,nivel_acesso,NO,'operador'::nivel_acesso,NO,NEVER,
public,profiles,6,telefone,text,text,YES,,NO,NEVER,
public,profiles,7,ativo,boolean,bool,NO,true,NO,NEVER,
public,profiles,8,created_at,timestamp with time zone,timestamptz,NO,now(),NO,NEVER,
public,projeto_itens,1,id,uuid,uuid,NO,gen_random_uuid(),NO,NEVER,
public,projeto_itens,2,empresa_id,uuid,uuid,NO,,NO,NEVER,
public,projeto_itens,3,projeto_id,uuid,uuid,NO,,NO,NEVER,
public,projeto_itens,4,produto_id,uuid,uuid,NO,,NO,NEVER,
public,projeto_itens,5,pn,text,text,NO,,NO,NEVER,
public,projeto_itens,6,descricao,text,text,NO,,NO,NEVER,
public,projeto_itens,7,revisao,text,text,YES,,NO,NEVER,
public,projeto_itens,8,quantidade,numeric,numeric,NO,,NO,NEVER,
public,projeto_itens,9,material,text,text,YES,,NO,NEVER,
public,projeto_itens,10,tipo_item,text,text,YES,,NO,NEVER,
public,projeto_itens,11,created_at,timestamp with time zone,timestamptz,NO,now(),NO,NEVER,
public,projeto_itens,12,updated_at,timestamp with time zone,timestamptz,NO,now(),NO,NEVER,
public,projeto_itens,13,created_by,uuid,uuid,NO,,NO,NEVER,
public,projeto_itens,14,ativo,boolean,bool,NO,true,NO,NEVER,
public,projeto_itens,15,deleted_at,timestamp with time zone,timestamptz,YES,,NO,NEVER,
public,projeto_itens,16,deleted_by,uuid,uuid,YES,,NO,NEVER,
public,projeto_itens,17,bom_id,uuid,uuid,YES,,NO,NEVER,
public,projetos,1,id,uuid,uuid,NO,gen_random_uuid(),NO,NEVER,
public,projetos,2,empresa_id,uuid,uuid,NO,,NO,NEVER,
public,projetos,3,numero_projeto,text,text,NO,,NO,NEVER,
public,projetos,4,cliente_id,uuid,uuid,YES,,NO,NEVER,
public,projetos,5,tipo_projeto,text,text,NO,,NO,NEVER,
public,projetos,6,data_objetivo,date,date,YES,,NO,NEVER,
public,projetos,7,regra_faturamento,text,text,YES,,NO,NEVER,
public,projetos,8,observacoes,text,text,YES,,NO,NEVER,
public,projetos,9,status,text,text,NO,,NO,NEVER,
public,projetos,10,created_at,timestamp with time zone,timestamptz,NO,now(),NO,NEVER,
public,projetos,11,updated_at,timestamp with time zone,timestamptz,NO,now(),NO,NEVER,
public,projetos,12,created_by,uuid,uuid,NO,,NO,NEVER,
public,projetos,13,ativo,boolean,bool,NO,true,NO,NEVER,
public,projetos,14,deleted_at,timestamp with time zone,timestamptz,YES,,NO,NEVER,
public,projetos,15,deleted_by,uuid,uuid,YES,,NO,NEVER,
public,projetos,16,prioridade,text,text,YES,,NO,NEVER,
public,recursos_produtivos,1,id,uuid,uuid,NO,gen_random_uuid(),NO,NEVER,
public,recursos_produtivos,2,grupo_id,uuid,uuid,NO,,NO,NEVER,
public,recursos_produtivos,3,nome,text,text,NO,,NO,NEVER,
public,recursos_produtivos,4,fabricante,text,text,YES,,NO,NEVER,
public,recursos_produtivos,5,modelo,text,text,YES,,NO,NEVER,
public,recursos_produtivos,6,setor,text,text,YES,,NO,NEVER,
public,recursos_produtivos,7,capacidade,text,text,YES,,NO,NEVER,
public,recursos_produtivos,8,status,text,text,NO,'disponivel'::text,NO,NEVER,
public,recursos_produtivos,9,observacoes,text,text,YES,,NO,NEVER,
public,recursos_produtivos,10,ativo,boolean,bool,NO,true,NO,NEVER,
public,recursos_produtivos,11,created_at,timestamp with time zone,timestamptz,NO,now(),NO,NEVER,
public,recursos_produtivos,12,created_by,uuid,uuid,NO,auth.uid(),NO,NEVER,
public,recursos_produtivos,13,codigo,text,text,NO,,NO,NEVER,
public,recursos_produtivos,14,empresa_id,uuid,uuid,YES,,NO,NEVER,
public,recursos_produtivos,15,updated_at,timestamp with time zone,timestamptz,NO,now(),NO,NEVER,
public,recursos_produtivos,16,deleted_at,timestamp with time zone,timestamptz,YES,,NO,NEVER,
public,recursos_produtivos,17,deleted_by,uuid,uuid,YES,,NO,NEVER,
public,recursos_produtivos,18,tecnologia_aplicada_id,uuid,uuid,YES,,NO,NEVER,
public,recursos_produtivos_ativos,1,id,uuid,uuid,YES,,NO,NEVER,
public,recursos_produtivos_ativos,2,empresa_id,uuid,uuid,YES,,NO,NEVER,
public,recursos_produtivos_ativos,3,codigo,text,text,YES,,NO,NEVER,
public,recursos_produtivos_ativos,4,grupo_id,uuid,uuid,YES,,NO,NEVER,
public,recursos_produtivos_ativos,5,tecnologia_aplicada_id,uuid,uuid,YES,,NO,NEVER,
public,recursos_produtivos_ativos,6,nome,text,text,YES,,NO,NEVER,
public,recursos_produtivos_ativos,7,fabricante,text,text,YES,,NO,NEVER,
public,recursos_produtivos_ativos,8,modelo,text,text,YES,,NO,NEVER,
public,recursos_produtivos_ativos,9,setor,text,text,YES,,NO,NEVER,
public,recursos_produtivos_ativos,10,capacidade,text,text,YES,,NO,NEVER,
public,recursos_produtivos_ativos,11,status,text,text,YES,,NO,NEVER,
public,recursos_produtivos_ativos,12,observacoes,text,text,YES,,NO,NEVER,
public,recursos_produtivos_ativos,13,ativo,boolean,bool,YES,,NO,NEVER,
public,recursos_produtivos_ativos,14,created_at,timestamp with time zone,timestamptz,YES,,NO,NEVER,
public,recursos_produtivos_ativos,15,updated_at,timestamp with time zone,timestamptz,YES,,NO,NEVER,
public,recursos_produtivos_ativos,16,deleted_at,timestamp with time zone,timestamptz,YES,,NO,NEVER,
public,recursos_produtivos_ativos,17,deleted_by,uuid,uuid,YES,,NO,NEVER,
public,recursos_produtivos_ativos,18,created_by,uuid,uuid,YES,,NO,NEVER,
public,requisicao_compra_itens,1,id,uuid,uuid,NO,gen_random_uuid(),NO,NEVER,
public,requisicao_compra_itens,2,empresa_id,uuid,uuid,NO,,NO,NEVER,
public,requisicao_compra_itens,3,requisicao_compra_id,uuid,uuid,NO,,NO,NEVER,
public,requisicao_compra_itens,4,materia_prima_id,uuid,uuid,NO,,NO,NEVER,
public,requisicao_compra_itens,5,quantidade_necessaria,numeric,numeric,NO,,NO,NEVER,
public,requisicao_compra_itens,6,unidade,text,text,NO,,NO,NEVER,
public,requisicao_compra_itens,7,observacoes,text,text,YES,,NO,NEVER,
public,requisicao_compra_itens,8,created_at,timestamp with time zone,timestamptz,NO,now(),NO,NEVER,
public,requisicao_compra_itens,9,updated_at,timestamp with time zone,timestamptz,NO,now(),NO,NEVER,
public,requisicao_compra_itens,10,created_by,uuid,uuid,NO,,NO,NEVER,
public,requisicao_compra_itens,11,ativo,boolean,bool,NO,true,NO,NEVER,
public,requisicao_compra_itens,12,deleted_at,timestamp with time zone,timestamptz,YES,,NO,NEVER,
public,requisicao_compra_itens,13,deleted_by,uuid,uuid,YES,,NO,NEVER,
public,requisicoes_compra,1,id,uuid,uuid,NO,gen_random_uuid(),NO,NEVER,
public,requisicoes_compra,2,empresa_id,uuid,uuid,NO,,NO,NEVER,
public,requisicoes_compra,3,numero_requisicao,text,text,YES,,NO,NEVER,
public,requisicoes_compra,4,projeto_id,uuid,uuid,YES,,NO,NEVER,
public,requisicoes_compra,5,of_numero,text,text,YES,,NO,NEVER,
public,requisicoes_compra,6,data_necessidade_material,date,date,NO,,NO,NEVER,
public,requisicoes_compra,7,status,text,text,NO,'aberta'::text,NO,NEVER,
public,requisicoes_compra,8,observacoes,text,text,YES,,NO,NEVER,
public,requisicoes_compra,9,created_at,timestamp with time zone,timestamptz,NO,now(),NO,NEVER,
public,requisicoes_compra,10,updated_at,timestamp with time zone,timestamptz,NO,now(),NO,NEVER,
public,requisicoes_compra,11,created_by,uuid,uuid,NO,,NO,NEVER,
public,requisicoes_compra,12,ativo,boolean,bool,NO,true,NO,NEVER,
public,requisicoes_compra,13,deleted_at,timestamp with time zone,timestamptz,YES,,NO,NEVER,
public,requisicoes_compra,14,deleted_by,uuid,uuid,YES,,NO,NEVER,
public,requisicoes_compra,15,of_id,uuid,uuid,YES,,NO,NEVER,
public,saldo_estoque_atual,1,item_id,uuid,uuid,YES,,NO,NEVER,
public,saldo_estoque_atual,2,empresa_id,uuid,uuid,YES,,NO,NEVER,
public,saldo_estoque_atual,3,item_codigo,text,text,YES,,NO,NEVER,
public,saldo_estoque_atual,4,item_descricao,text,text,YES,,NO,NEVER,
public,saldo_estoque_atual,5,tipo_item,text,text,YES,,NO,NEVER,
public,saldo_estoque_atual,6,unidade,text,text,YES,,NO,NEVER,
public,saldo_estoque_atual,7,familia,text,text,YES,,NO,NEVER,
public,saldo_estoque_atual,8,saldo_atual,numeric,numeric,YES,,NO,NEVER,
public,saldo_estoque_atual,9,valor_total_estoque,numeric,numeric,YES,,NO,NEVER,
public,saldo_estoque_atual,10,ultima_movimentacao,timestamp with time zone,timestamptz,YES,,NO,NEVER,
public,saldo_estoque_atual,11,ultima_tipo_movimento,text,text,YES,,NO,NEVER,
public,tecnologias_aplicadas,1,id,uuid,uuid,NO,gen_random_uuid(),NO,NEVER,
public,tecnologias_aplicadas,2,empresa_id,uuid,uuid,NO,,NO,NEVER,
public,tecnologias_aplicadas,3,codigo,text,text,NO,,NO,NEVER,
public,tecnologias_aplicadas,4,nome,text,text,NO,,NO,NEVER,
public,tecnologias_aplicadas,5,tipo,text,text,NO,,NO,NEVER,
public,tecnologias_aplicadas,6,valor_hora,numeric,numeric,NO,,NO,NEVER,
public,tecnologias_aplicadas,7,descricao,text,text,YES,,NO,NEVER,
public,tecnologias_aplicadas,8,ativo,boolean,bool,NO,true,NO,NEVER,
public,tecnologias_aplicadas,9,created_at,timestamp with time zone,timestamptz,NO,now(),NO,NEVER,
public,tecnologias_aplicadas,10,updated_at,timestamp with time zone,timestamptz,NO,now(),NO,NEVER,
public,tecnologias_aplicadas,11,deleted_at,timestamp with time zone,timestamptz,YES,,NO,NEVER,
public,tecnologias_aplicadas,12,created_by,uuid,uuid,NO,,NO,NEVER,
public,tecnologias_aplicadas,13,deleted_by,uuid,uuid,YES,,NO,NEVER,
public,tecnologias_aplicadas_ativas,1,id,uuid,uuid,YES,,NO,NEVER,
public,tecnologias_aplicadas_ativas,2,empresa_id,uuid,uuid,YES,,NO,NEVER,
public,tecnologias_aplicadas_ativas,3,codigo,text,text,YES,,NO,NEVER,
public,tecnologias_aplicadas_ativas,4,nome,text,text,YES,,NO,NEVER,
public,tecnologias_aplicadas_ativas,5,tipo,text,text,YES,,NO,NEVER,
public,tecnologias_aplicadas_ativas,6,valor_hora,numeric,numeric,YES,,NO,NEVER,
public,tecnologias_aplicadas_ativas,7,descricao,text,text,YES,,NO,NEVER,
public,tecnologias_aplicadas_ativas,8,ativo,boolean,bool,YES,,NO,NEVER,
public,tecnologias_aplicadas_ativas,9,created_at,timestamp with time zone,timestamptz,YES,,NO,NEVER,
public,tecnologias_aplicadas_ativas,10,updated_at,timestamp with time zone,timestamptz,YES,,NO,NEVER,
public,tecnologias_aplicadas_ativas,11,deleted_at,timestamp with time zone,timestamptz,YES,,NO,NEVER,
public,tecnologias_aplicadas_ativas,12,deleted_by,uuid,uuid,YES,,NO,NEVER,
public,tecnologias_aplicadas_ativas,13,created_by,uuid,uuid,YES,,NO,NEVER,
public,usuarios,1,id,uuid,uuid,NO,,NO,NEVER,
public,usuarios,2,nome,text,text,NO,,NO,NEVER,
public,usuarios,3,email,text,text,NO,,NO,NEVER,
public,usuarios,4,cargo,text,text,YES,,NO,NEVER,
public,usuarios,5,nivel_acesso,USER-DEFINED,nivel_acesso,NO,'operador'::nivel_acesso,NO,NEVER,
public,usuarios,6,data_criacao,timestamp with time zone,timestamptz,NO,now(),NO,NEVER,
public,usuarios,7,atualizado_em,timestamp with time zone,timestamptz,NO,now(),NO,NEVER,
public,usuarios,8,empresa_id,uuid,uuid,NO,,NO,NEVER,
public,vw_decisao_material_of,1,empresa_id,uuid,uuid,YES,,NO,NEVER,
public,vw_decisao_material_of,2,projeto_id,uuid,uuid,YES,,NO,NEVER,
public,vw_decisao_material_of,3,of_numero,text,text,YES,,NO,NEVER,
public,vw_decisao_material_of,4,materia_prima_id,uuid,uuid,YES,,NO,NEVER,
public,vw_decisao_material_of,5,materia_prima_codigo,text,text,YES,,NO,NEVER,
public,vw_decisao_material_of,6,materia_prima_descricao,text,text,YES,,NO,NEVER,
public,vw_decisao_material_of,7,unidade,text,text,YES,,NO,NEVER,
public,vw_decisao_material_of,8,quantidade_consumo_interno,numeric,numeric,YES,,NO,NEVER,
public,vw_decisao_material_of,9,quantidade_compra_externa,numeric,numeric,YES,,NO,NEVER,
public,vw_decisao_material_of,10,quantidade_total,numeric,numeric,YES,,NO,NEVER,
public,vw_decisao_material_of,11,custo_total_material,numeric,numeric,YES,,NO,NEVER,
public,vw_decisao_material_of,12,data_necessidade_material,date,date,YES,,NO,NEVER,
public,vw_decisao_material_of,13,ultima_data_ci,date,date,YES,,NO,NEVER,
public,vw_decisao_material_of,14,status_requisicao,text,text,YES,,NO,NEVER,
public,vw_decisao_material_of,15,status_decisao,text,text,YES,,NO,NEVER,
public,vw_demanda_bom_of,1,empresa_id,uuid,uuid,YES,,NO,NEVER,
public,vw_demanda_bom_of,2,of_id,uuid,uuid,YES,,NO,NEVER,
public,vw_demanda_bom_of,3,numero_of,text,text,YES,,NO,NEVER,
public,vw_demanda_bom_of,4,projeto_id,uuid,uuid,YES,,NO,NEVER,
public,vw_demanda_bom_of,5,projeto_item_id,uuid,uuid,YES,,NO,NEVER,
public,vw_demanda_bom_of,6,produto_id,uuid,uuid,YES,,NO,NEVER,
public,vw_demanda_bom_of,7,produto_pn,text,text,YES,,NO,NEVER,
public,vw_demanda_bom_of,8,produto_descricao,text,text,YES,,NO,NEVER,
public,vw_demanda_bom_of,9,bom_id,uuid,uuid,YES,,NO,NEVER,
public,vw_demanda_bom_of,10,bom_versao,text,text,YES,,NO,NEVER,
public,vw_demanda_bom_of,11,bom_descricao,text,text,YES,,NO,NEVER,
public,vw_demanda_bom_of,12,bom_item_id,uuid,uuid,YES,,NO,NEVER,
public,vw_demanda_bom_of,13,componente_tipo,text,text,YES,,NO,NEVER,
public,vw_demanda_bom_of,14,materia_prima_id,uuid,uuid,YES,,NO,NEVER,
public,vw_demanda_bom_of,15,materia_codigo,text,text,YES,,NO,NEVER,
public,vw_demanda_bom_of,16,materia_descricao,text,text,YES,,NO,NEVER,
public,vw_demanda_bom_of,17,componente_produto_id,uuid,uuid,YES,,NO,NEVER,
public,vw_demanda_bom_of,18,componente_pn,text,text,YES,,NO,NEVER,
public,vw_demanda_bom_of,19,componente_descricao,text,text,YES,,NO,NEVER,
public,vw_demanda_bom_of,20,bom_quantidade,numeric,numeric,YES,,NO,NEVER,
public,vw_demanda_bom_of,21,quantidade_planejada,numeric,numeric,YES,,NO,NEVER,
public,vw_demanda_bom_of,22,of_unidade,text,text,YES,,NO,NEVER,
public,vw_demanda_bom_of,23,componente_unidade,text,text,YES,,NO,NEVER,
public,vw_demanda_bom_of,24,quantidade_demanda,numeric,numeric,YES,,NO,NEVER,
public,vw_demanda_bom_of,25,demanda_tipo,text,text,YES,,NO,NEVER,
public,vw_demanda_consumo_compra,1,empresa_id,uuid,uuid,YES,,NO,NEVER,
public,vw_demanda_consumo_compra,2,of_id,uuid,uuid,YES,,NO,NEVER,
public,vw_demanda_consumo_compra,3,numero_of,text,text,YES,,NO,NEVER,
public,vw_demanda_consumo_compra,4,projeto_id,uuid,uuid,YES,,NO,NEVER,
public,vw_demanda_consumo_compra,5,projeto_item_id,uuid,uuid,YES,,NO,NEVER,
public,vw_demanda_consumo_compra,6,produto_id,uuid,uuid,YES,,NO,NEVER,
public,vw_demanda_consumo_compra,7,produto_pn,text,text,YES,,NO,NEVER,
public,vw_demanda_consumo_compra,8,produto_descricao,text,text,YES,,NO,NEVER,
public,vw_demanda_consumo_compra,9,bom_id,uuid,uuid,YES,,NO,NEVER,
public,vw_demanda_consumo_compra,10,bom_versao,text,text,YES,,NO,NEVER,
public,vw_demanda_consumo_compra,11,bom_descricao,text,text,YES,,NO,NEVER,
public,vw_demanda_consumo_compra,12,bom_item_id,uuid,uuid,YES,,NO,NEVER,
public,vw_demanda_consumo_compra,13,componente_tipo,text,text,YES,,NO,NEVER,
public,vw_demanda_consumo_compra,14,materia_prima_id,uuid,uuid,YES,,NO,NEVER,
public,vw_demanda_consumo_compra,15,materia_codigo,text,text,YES,,NO,NEVER,
public,vw_demanda_consumo_compra,16,materia_descricao,text,text,YES,,NO,NEVER,
public,vw_demanda_consumo_compra,17,componente_produto_id,uuid,uuid,YES,,NO,NEVER,
public,vw_demanda_consumo_compra,18,componente_pn,text,text,YES,,NO,NEVER,
public,vw_demanda_consumo_compra,19,componente_descricao,text,text,YES,,NO,NEVER,
public,vw_demanda_consumo_compra,20,bom_quantidade,numeric,numeric,YES,,NO,NEVER,
public,vw_demanda_consumo_compra,21,quantidade_planejada,numeric,numeric,YES,,NO,NEVER,
public,vw_demanda_consumo_compra,22,of_unidade,text,text,YES,,NO,NEVER,
public,vw_demanda_consumo_compra,23,componente_unidade,text,text,YES,,NO,NEVER,
public,vw_demanda_consumo_compra,24,quantidade_demanda,numeric,numeric,YES,,NO,NEVER,
public,vw_demanda_consumo_compra,25,demanda_tipo,text,text,YES,,NO,NEVER,
public,vw_demanda_consumo_compra,26,saldo_disponivel,numeric,numeric,YES,,NO,NEVER,
public,vw_demanda_consumo_compra,27,saldo_reservado,numeric,numeric,YES,,NO,NEVER,
public,vw_demanda_consumo_compra,28,saldo_livre,numeric,numeric,YES,,NO,NEVER,
public,vw_demanda_consumo_compra,29,quantidade_falta,numeric,numeric,YES,,NO,NEVER,
public,vw_demanda_consumo_compra,30,falta_estoque,boolean,bool,YES,,NO,NEVER,
public,vw_demanda_consumo_compra,31,total_consumo_interno,numeric,numeric,YES,,NO,NEVER,
public,vw_demanda_consumo_compra,32,total_requisicao_compra,numeric,numeric,YES,,NO,NEVER,
public,vw_demanda_consumo_compra,33,quantidade_para_compra_externa,numeric,numeric,YES,,NO,NEVER,
public,vw_demanda_consumo_compra,34,precisa_compra_externa,boolean,bool,YES,,NO,NEVER,
public,vw_demanda_estoque,1,empresa_id,uuid,uuid,YES,,NO,NEVER,
public,vw_demanda_estoque,2,of_id,uuid,uuid,YES,,NO,NEVER,
public,vw_demanda_estoque,3,numero_of,text,text,YES,,NO,NEVER,
public,vw_demanda_estoque,4,projeto_id,uuid,uuid,YES,,NO,NEVER,
public,vw_demanda_estoque,5,projeto_item_id,uuid,uuid,YES,,NO,NEVER,
public,vw_demanda_estoque,6,produto_id,uuid,uuid,YES,,NO,NEVER,
public,vw_demanda_estoque,7,produto_pn,text,text,YES,,NO,NEVER,
public,vw_demanda_estoque,8,produto_descricao,text,text,YES,,NO,NEVER,
public,vw_demanda_estoque,9,bom_id,uuid,uuid,YES,,NO,NEVER,
public,vw_demanda_estoque,10,bom_versao,text,text,YES,,NO,NEVER,
public,vw_demanda_estoque,11,bom_descricao,text,text,YES,,NO,NEVER,
public,vw_demanda_estoque,12,bom_item_id,uuid,uuid,YES,,NO,NEVER,
public,vw_demanda_estoque,13,componente_tipo,text,text,YES,,NO,NEVER,
public,vw_demanda_estoque,14,materia_prima_id,uuid,uuid,YES,,NO,NEVER,
public,vw_demanda_estoque,15,materia_codigo,text,text,YES,,NO,NEVER,
public,vw_demanda_estoque,16,materia_descricao,text,text,YES,,NO,NEVER,
public,vw_demanda_estoque,17,componente_produto_id,uuid,uuid,YES,,NO,NEVER,
public,vw_demanda_estoque,18,componente_pn,text,text,YES,,NO,NEVER,
public,vw_demanda_estoque,19,componente_descricao,text,text,YES,,NO,NEVER,
public,vw_demanda_estoque,20,bom_quantidade,numeric,numeric,YES,,NO,NEVER,
public,vw_demanda_estoque,21,quantidade_planejada,numeric,numeric,YES,,NO,NEVER,
public,vw_demanda_estoque,22,of_unidade,text,text,YES,,NO,NEVER,
public,vw_demanda_estoque,23,componente_unidade,text,text,YES,,NO,NEVER,
public,vw_demanda_estoque,24,quantidade_demanda,numeric,numeric,YES,,NO,NEVER,
public,vw_demanda_estoque,25,demanda_tipo,text,text,YES,,NO,NEVER,
public,vw_demanda_estoque,26,saldo_disponivel,numeric,numeric,YES,,NO,NEVER,
public,vw_demanda_estoque,27,saldo_reservado,numeric,numeric,YES,,NO,NEVER,
public,vw_demanda_estoque,28,saldo_livre,numeric,numeric,YES,,NO,NEVER,
public,vw_demanda_estoque,29,quantidade_falta,numeric,numeric,YES,,NO,NEVER,
public,vw_demanda_estoque,30,falta_estoque,boolean,bool,YES,,NO,NEVER,
public,vw_of_consumo_detalhado,1,empresa_id,uuid,uuid,YES,,NO,NEVER,
public,vw_of_consumo_detalhado,2,of_id,uuid,uuid,YES,,NO,NEVER,
public,vw_of_consumo_detalhado,3,numero_of,text,text,YES,,NO,NEVER,
public,vw_of_consumo_detalhado,4,projeto_id,uuid,uuid,YES,,NO,NEVER,
public,vw_of_consumo_detalhado,5,produto_id,uuid,uuid,YES,,NO,NEVER,
public,vw_of_consumo_detalhado,6,produto_pn,text,text,YES,,NO,NEVER,
public,vw_of_consumo_detalhado,7,produto_descricao,text,text,YES,,NO,NEVER,
public,vw_of_consumo_detalhado,8,bom_id,uuid,uuid,YES,,NO,NEVER,
public,vw_of_consumo_detalhado,9,bom_versao,text,text,YES,,NO,NEVER,
public,vw_of_consumo_detalhado,10,bom_item_id,uuid,uuid,YES,,NO,NEVER,
public,vw_of_consumo_detalhado,11,componente_tipo,text,text,YES,,NO,NEVER,
public,vw_of_consumo_detalhado,12,materia_prima_id,uuid,uuid,YES,,NO,NEVER,
public,vw_of_consumo_detalhado,13,materia_codigo,text,text,YES,,NO,NEVER,
public,vw_of_consumo_detalhado,14,materia_descricao,text,text,YES,,NO,NEVER,
public,vw_of_consumo_detalhado,15,componente_produto_id,uuid,uuid,YES,,NO,NEVER,
public,vw_of_consumo_detalhado,16,componente_pn,text,text,YES,,NO,NEVER,
public,vw_of_consumo_detalhado,17,componente_descricao,text,text,YES,,NO,NEVER,
public,vw_of_consumo_detalhado,18,bom_quantidade,numeric,numeric,YES,,NO,NEVER,
public,vw_of_consumo_detalhado,19,bom_unidade,text,text,YES,,NO,NEVER,
public,vw_of_consumo_detalhado,20,quantidade_planejada,numeric,numeric,YES,,NO,NEVER,
public,vw_of_consumo_detalhado,21,of_unidade,text,text,YES,,NO,NEVER,
public,vw_of_consumo_detalhado,22,quantidade_demanda,numeric,numeric,YES,,NO,NEVER,
public,vw_of_consumo_detalhado,23,estoque_saldo_livre,numeric,numeric,YES,,NO,NEVER,
public,vw_of_consumo_detalhado,24,quantidade_consumo_interno,numeric,numeric,YES,,NO,NEVER,
public,vw_of_consumo_detalhado,25,quantidade_compra_externa,numeric,numeric,YES,,NO,NEVER,
public,vw_of_consumo_detalhado,26,quantidade_falta_estoque,numeric,numeric,YES,,NO,NEVER,
public,vw_of_consumo_detalhado,27,quantidade_para_compra_externa,numeric,numeric,YES,,NO,NEVER,
public,vw_of_consumo_detalhado,28,status_fluxo,text,text,YES,,NO,NEVER,
public,vw_of_fluxo_industrial,1,of_id,uuid,uuid,YES,,NO,NEVER,
public,vw_of_fluxo_industrial,2,numero_of,text,text,YES,,NO,NEVER,
public,vw_of_fluxo_industrial,3,projeto_id,uuid,uuid,YES,,NO,NEVER,
public,vw_of_fluxo_industrial,4,projeto_item_id,uuid,uuid,YES,,NO,NEVER,
public,vw_of_fluxo_industrial,5,produto_id,uuid,uuid,YES,,NO,NEVER,
public,vw_of_fluxo_industrial,6,bom_id,uuid,uuid,YES,,NO,NEVER,
public,vw_of_fluxo_industrial,7,of_status,text,text,YES,,NO,NEVER,
public,vw_of_fluxo_industrial,8,of_tipo,text,text,YES,,NO,NEVER,
public,vw_of_fluxo_industrial,9,quantidade_planejada,numeric,numeric,YES,,NO,NEVER,
public,vw_of_fluxo_industrial,10,quantidade_produzida,numeric,numeric,YES,,NO,NEVER,
public,vw_of_fluxo_industrial,11,unidade,text,text,YES,,NO,NEVER,
public,vw_of_fluxo_industrial,12,total_consumo_interno,numeric,numeric,YES,,NO,NEVER,
public,vw_of_fluxo_industrial,13,total_requisicao_compra,numeric,numeric,YES,,NO,NEVER,
public,vw_of_fluxo_industrial,14,pedidos_compra_abertos,bigint,int8,YES,,NO,NEVER,
public,vw_of_fluxo_operacional,1,of_id,uuid,uuid,YES,,NO,NEVER,
public,vw_of_fluxo_operacional,2,numero_of,text,text,YES,,NO,NEVER,
public,vw_of_fluxo_operacional,3,projeto_id,uuid,uuid,YES,,NO,NEVER,
public,vw_of_fluxo_operacional,4,produto_id,uuid,uuid,YES,,NO,NEVER,
public,vw_of_fluxo_operacional,5,produto_pn,text,text,YES,,NO,NEVER,
public,vw_of_fluxo_operacional,6,bom_id,uuid,uuid,YES,,NO,NEVER,
public,vw_of_fluxo_operacional,7,bom_versao,text,text,YES,,NO,NEVER,
public,vw_of_fluxo_operacional,8,total_demanda_bom,numeric,numeric,YES,,NO,NEVER,
public,vw_of_fluxo_operacional,9,total_estoque_livre,numeric,numeric,YES,,NO,NEVER,
public,vw_of_fluxo_operacional,10,total_consumo_interno,numeric,numeric,YES,,NO,NEVER,
public,vw_of_fluxo_operacional,11,total_compra_externa,numeric,numeric,YES,,NO,NEVER,
public,vw_of_fluxo_operacional,12,status_fluxo,text,text,YES,,NO,NEVER,
public,vw_planejamento_compras_operacional,1,planejamento_compra_id,uuid,uuid,YES,,NO,NEVER,
public,vw_planejamento_compras_operacional,2,empresa_id,uuid,uuid,YES,,NO,NEVER,
public,vw_planejamento_compras_operacional,3,numero_planejamento,text,text,YES,,NO,NEVER,
public,vw_planejamento_compras_operacional,4,materia_prima_id,uuid,uuid,YES,,NO,NEVER,
public,vw_planejamento_compras_operacional,5,materia_prima_codigo,text,text,YES,,NO,NEVER,
public,vw_planejamento_compras_operacional,6,materia_prima_descricao,text,text,YES,,NO,NEVER,
public,vw_planejamento_compras_operacional,7,descricao_compra,text,text,YES,,NO,NEVER,
public,vw_planejamento_compras_operacional,8,material_base,text,text,YES,,NO,NEVER,
public,vw_planejamento_compras_operacional,9,forma_material,text,text,YES,,NO,NEVER,
public,vw_planejamento_compras_operacional,10,bitola_ou_espessura,text,text,YES,,NO,NEVER,
public,vw_planejamento_compras_operacional,11,chave_industrial_compra,text,text,YES,,NO,NEVER,
public,vw_planejamento_compras_operacional,12,modo_planejamento,text,text,YES,,NO,NEVER,
public,vw_planejamento_compras_operacional,13,criterio_calculo,text,text,YES,,NO,NEVER,
public,vw_planejamento_compras_operacional,14,unidade_necessidade,text,text,YES,,NO,NEVER,
public,vw_planejamento_compras_operacional,15,quantidade_necessaria_total,numeric,numeric,YES,,NO,NEVER,
public,vw_planejamento_compras_operacional,16,unidade_compra,text,text,YES,,NO,NEVER,
public,vw_planejamento_compras_operacional,17,quantidade_planejada_compra,numeric,numeric,YES,,NO,NEVER,
public,vw_planejamento_compras_operacional,18,sobra_prevista,numeric,numeric,YES,,NO,NEVER,
public,vw_planejamento_compras_operacional,19,status,text,text,YES,,NO,NEVER,
public,vw_planejamento_compras_operacional,20,origens_incluidas,bigint,int8,YES,,NO,NEVER,
public,vw_planejamento_compras_operacional,21,origens_excluidas,bigint,int8,YES,,NO,NEVER,
public,vw_planejamento_compras_operacional,22,quantidade_origens_incluidas,numeric,numeric,YES,,NO,NEVER,
public,vw_planejamento_compras_operacional,23,ofs_incluidas,text,text,YES,,NO,NEVER,
public,vw_planejamento_compras_operacional,24,ultima_origem_em,timestamp with time zone,timestamptz,YES,,NO,NEVER,
public,vw_planejamento_compras_operacional,25,created_at,timestamp with time zone,timestamptz,YES,,NO,NEVER,
public,vw_planejamento_compras_operacional,26,updated_at,timestamp with time zone,timestamptz,YES,,NO,NEVER,
public,vw_planejamento_compras_operacional,27,soma_total,numeric,numeric,YES,,NO,NEVER,
public,vw_planejamento_compras_operacional,28,sugestao_compra,numeric,numeric,YES,,NO,NEVER,
public,vw_planejamento_compras_operacional,29,comprar_descricao,text,text,YES,,NO,NEVER,
